,x_coord,y_coord,BillNo,BillName,cluster_no
0,-6.0496497,-27.586233,2024549,  감염병의 예방 및 관리에 관한 법률 일부개정법률안,2
1,4.367957,-21.91042,2024556,  검역법 일부개정법률안,2
2,-2.4154255,-24.778215,2024555,  감염병의 예방 및 관리에 관한 법률 일부개정법률안,2
3,-5.06443,-18.792486,2024582,  감염병의 예방 및 관리에 관한 법률 일부개정법률안,2
4,-9.230567,-24.523901,2024584,  감염병의 예방 및 관리에 관한 법률 일부개정법률안,2
5,-1.8423427,-28.220062,2024596,  학교보건법 일부개정법률안,2
6,-5.918168,-27.353436,2024597,  감염병의 예방 및 관리에 관한 법률 일부개정법률안,2
7,-3.0093315,-9.655509,2024612,  남녀고용평등과 일·가정 양립 지원에 관한 법률 일부개정법률안,2
8,-2.2327957,-21.379997,2024611,  감염병의 예방 및 관리에 관한 법률 일부개정법률안,2
9,3.6788044,-18.045954,2024626,  중소기업진흥에 관한 법률 일부개정법률안,2
10,-3.9078646,-18.311365,2024634,  감염병의 예방 및 관리에 관한 법률 일부개정법률안,2
11,2.7709613,-12.748052,2024650,  물가안정에 관한 법률 일부개정법률안,2
12,0.60833645,-20.546553,2024654,  감염병의 예방 및 관리에 관한 법률 일부개정법률안,2
13,17.32067,21.12222,2024655,  조세특례제한법 일부개정법률안,0
14,18.31047,9.531867,2024788,  조세특례제한법 일부개정법률안,0
15,6.3658204,-19.02575,2024787,  감염병의 예방 및 관리에 관한 법률 일부개정법률안,2
16,-0.6263184,-20.526636,2024789,  감염병의 예방 및 관리에 관한 법률 일부개정법률안,2
17,16.776642,8.624048,2024804,  조세특례제한법 일부개정법률안,0
18,16.675735,11.653769,2024805,  조세특례제한법 일부개정법률안,0
19,18.941763,8.820974,2024803,  지방세특례제한법 일부개정법률안,0
20,23.691475,25.573473,2024811,  부가가치세법 일부개정법률안,0
21,16.859632,21.21191,2024814,  조세특례제한법 일부개정법률안,0
22,-2.6738684,-20.178316,2024816,  감염병의 예방 및 관리에 관한 법률 일부개정법률안,2
23,1.7032696,-18.074148,2024821,  감염병의 예방 및 관리에 관한 법률 일부개정법률안,2
24,9.445881,-6.1380377,2024828,  영화 및 비디오물의 진흥에 관한 법률 일부개정법률안,2
25,-11.560961,-0.28915414,2024831,  재난 및 안전관리 기본법 일부개정법률안,2
26,4.270056,7.5032663,2024832,  근로복지기본법 일부개정법률안,2
27,-3.5023282,-15.066081,2024833,  재난 및 안전관리 기본법 일부개정법률안,2
28,14.9964285,13.808764,2024851,  조세특례제한법 일부개정법률안,0
29,-9.146472,-18.164782,2024863,  조세특례제한법 일부개정법률안,2
30,19.121141,20.945662,2024871,  부가가치세법 일부개정법률안,0
31,19.76363,25.155947,2024872,  조세특례제한법 일부개정법률안,0
32,15.905791,13.606477,2024873,  조세특례제한법 일부개정법률안,0
33,-0.6836822,-18.668425,2100038,  감염병의 예방 및 관리에 관한 법률 일부개정법률안,2
34,-18.758226,10.473102,2100048,  출입국관리법 일부개정법률안,2
35,21.867874,23.18357,2100049,  부가가치세법 일부개정법률안,0
36,-3.8908198,-14.284522,2100033,  정부조직법 일부개정법률안,2
37,-4.5474553,-13.024911,2100002,  정부조직법 일부개정법률안,2
38,-6.907469,-22.789276,2100004,  감염병의 예방 및 관리에 관한 법률 일부개정법률안,2
39,-18.583345,-15.236219,2100005,  고등교육법 일부개정법률안,2
40,3.2214146,-7.445971,2100006,  농업·농촌 및 식품산업 기본법 일부개정법률안,2
41,2.0248635,-8.456405,2100007,  양곡관리법 일부개정법률안,2
42,-1.6275785,-11.10537,2100009,  약관의 규제에 관한 법률 일부개정법률안,2
43,2.1886322,-15.992274,2100010,  상가건물 임대차보호법 일부개정법률안,2
44,14.035293,16.585163,2100011,  조세특례제한법 일부개정법률안,0
45,16.965303,4.159426,2100116,  소상공인 보호 및 지원에 관한 법률 일부개정법률안,2
46,-15.402242,12.124622,2100119,  국유재산특례제한법 일부개정법률안,2
47,-5.797754,-13.886902,2100087,  정부조직법 일부개정법률안,2
48,7.828304,-4.36048,2100160,  물가안정에 관한 법률 일부개정법률안,2
49,-5.38574,-0.22267875,2100166,  공중보건 위기대응 의약품 개발 및 지원에 관한 법률안,2
50,-2.964838,-9.603196,2100170,  남녀고용평등과 일·가정 양립 지원에 관한 법률 일부개정법률안,2
51,15.224671,11.12987,2100171,  조세특례제한법 일부개정법률안,2
52,21.131626,5.7291865,2100173,  상가건물 임대차보호법 일부개정법률안,2
53,20.988516,5.341408,2100174,  주택임대차보호법 일부개정법률안,2
54,2.3869395,-1.1718441,2100229,  국가재정법 일부개정법률안,2
55,-1.8351855,-28.2287,2100225,  학교보건법 일부개정법률안,2
56,2.7709107,-12.748224,2100208,  물가안정에 관한 법률 일부개정법률안,2
57,20.159363,24.225542,2100191,  조세특례제한법 일부개정법률안,0
58,-7.629751,-0.8733542,2100198,  국립공공보건의료대학 설립 및 운영에 관한 법률안,2
59,4.4666605,-14.935794,2100194,  응급의료에 관한 법률 일부개정법률안,2
60,-17.389132,14.071226,2100200,  국유재산특례제한법 일부개정법률안,2
61,13.504816,14.481303,2100270,  조세특례제한법 일부개정법률안,0
62,22.342678,24.678692,2100281,  부가가치세법 일부개정법률안,0
63,20.632786,26.766369,2100250,  부가가치세법 일부개정법률안,0
64,15.638896,11.849073,2100253,  조세특례제한법 일부개정법률안,0
65,-2.6113074,-18.153696,2100306,  정부조직법 일부개정법률안,2
66,-22.178576,14.837351,2100286,  지방세법 일부개정법률안,2
67,17.032274,12.07262,2100327,  조세특례제한법 일부개정법률안,0
68,-1.980606,-5.391788,2100324,  국가재정법 일부개정법률안,2
69,4.2176704,-6.5469275,2100317,  정부조직법 일부개정법률안,2
70,11.906039,4.61849,2100318,  지방세특례제한법 일부개정법률안,0
71,12.098012,0.02449629,2100319,  지방세특례제한법 일부개정법률안,2
72,11.583421,4.5228653,2100316,  조세특례제한법 일부개정법률안,2
73,-11.552729,-0.17154808,2100376,  재난 및 안전관리 기본법 일부개정법률안,2
74,-21.94357,-12.926068,2100387,  고등교육법 일부개정법률안,2
75,0.081869595,-12.619819,2100396,  재난 및 안전관리 기본법 일부개정법률안,2
76,-3.5909514,-7.9453993,2100386,  정부조직법 일부개정법률안,2
77,11.845021,7.271001,2100372,  전통시장 및 상점가 육성을 위한 특별법 일부개정법률안,2
78,7.804735,20.3793,2100356,  조세특례제한법 일부개정법률안,0
79,5.403782,4.9686337,2100367,  독점규제 및 공정거래에 관한 법률 일부개정법률안,2
80,23.173592,23.515738,2100364,  부가가치세법 일부개정법률안,0
81,7.006911,20.575665,2100359,  지방세특례제한법 일부개정법률안,0
82,-6.7553515,-17.156584,2100449,  조세특례제한법 일부개정법률안,2
83,11.2931385,-2.8453596,2100403,  국가재정법 일부개정법률안,2
84,9.445857,-6.1380615,2100423,  영화 및 비디오물의 진흥에 관한 법률 일부개정법률안,2
85,-8.115526,-9.50919,2100417,  초·중등교육법 일부개정법률안,2
86,11.386639,9.6242285,2100480,  최저임금법 일부개정법률안,2
87,-10.5118685,4.4094887,2100484,  생명안전업무 종사자의 직접고용 등에 관한 법률안,2
88,-2.9864326,-3.3728435,2100564,  국민건강보험법 일부개정법률안,2
89,-6.5027146,5.9809337,2100566,  근로기준법 일부개정법률안,2
90,-0.9536628,-15.503643,2100559,  재난 및 안전관리 기본법 일부개정법률안,2
91,12.647389,28.028913,2100512,  조세특례제한법 일부개정법률안,0
92,-21.866226,-13.794494,2100508,  고등교육법 일부개정법률안,2
93,11.138377,11.185002,2100499,  대·중소기업 상생협력 촉진에 관한 법률 일부개정법률안,2
94,-20.229492,-14.04232,2100534,  고등교육법 일부개정법률안,2
95,-2.5265858,-17.059965,2100620,  지방의료원의 설립 및 운영에 관한 법률 일부개정법률안,2
96,-7.7450933,-11.417611,2100621,  여객자동차 운수사업법 일부개정법률안,2
97,-7.4420605,-4.7748995,2100671,  어린이건강 보호 및 증진에 관한 법률안,2
98,1.867742,-25.773733,2100679,  조세특례제한법 일부개정법률안,2
99,21.835663,7.4549828,2100686,  상가건물 임대차보호법 일부개정법률안,2
100,-9.064217,8.895788,2100659,  근로기준법 일부개정법률안,2
101,-19.312666,-13.7420845,2100633,  재난 및 안전관리 기본법 일부개정법률안,2
102,1.0545318,0.35199058,2100641,  혈액관리법 일부개정법률안,2
103,0.9272277,2.5814922,2100653,  해외진출기업의 국내복귀 지원에 관한 법률 일부개정법률안,2
104,-1.3235576,-7.538654,2100657,  방송통신발전 기본법 일부개정법률안,2
105,14.737619,24.640217,2100744,  부가가치세법 일부개정법률안,0
106,-19.356613,15.494574,2100710,  문화산업진흥 기본법 일부개정법률안,2
107,-18.272196,15.503829,2100709,  국가재정법 일부개정법률안,2
108,-18.830507,16.163235,2100708,  복권 및 복권기금법 일부개정법률안,2
109,24.89245,25.235363,2100714,  부가가치세법 일부개정법률안,0
110,7.823084,22.258673,2100716,  지방세특례제한법 일부개정법률안,0
111,8.263101,22.052166,2100715,  조세특례제한법 일부개정법률안,0
112,-3.8604412,-20.996998,2100741,  감염병의 예방 및 관리에 관한 법률 일부개정법률안,2
113,-1.8164408,-9.475982,2100717,  재난 및 안전관리 기본법 일부개정법률안,2
114,1.4911565,-0.4425446,2100841,  청년고용촉진 특별법 일부개정법률안,2
115,4.7903595,-2.9679754,2100844,  소득세법 일부개정법률안,2
116,13.025192,27.257439,2100830,  조세특례제한법 일부개정법률안,0
117,5.923383,2.2667985,2100827,  청년고용촉진 특별법 일부개정법률안,2
118,21.261139,28.113504,2100808,  부가가치세법 일부개정법률안,0
119,-4.5230885,-10.744054,2100809,  혈액관리법 일부개정법률안,2
120,-1.9144058,-2.5647573,2100906,  새마을운동조직 육성법 일부개정법률안,2
121,10.482754,26.158102,2100861,  조세특례제한법 일부개정법률안,0
122,12.339854,16.45911,2100880,  조세특례제한법 일부개정법률안,0
123,12.244302,22.886663,2100860,  조세특례제한법 일부개정법률안,0
124,-6.2030787,9.201182,2100873,  근로복지기본법 일부개정법률안,2
125,9.373194,15.684416,2100879,  조세특례제한법 일부개정법률안,0
126,-0.15050657,-5.2446046,2100973,  국가유공자 등 예우 및 지원에 관한 법률 일부개정법률안,2
127,0.7865509,9.676221,2100977,  지역사랑상품권 이용 활성화에 관한 법률 일부개정법률안,2
128,-3.4712508,1.8496162,2100979,  녹색건축물 조성 지원법 일부개정법률안,2
129,5.1041446,0.3654883,2101072,  기업활동 규제완화에 관한 특별조치법 일부개정법률안,2
130,3.2288935,2.484723,2101039,  근로기준법 일부개정법률안,2
131,17.753363,19.617172,2101051,  조세특례제한법 일부개정법률안,0
132,-14.331272,9.343447,2101151,  근로기준법 일부개정법률안,2
133,-14.52258,9.38697,2101155,  고용보험법 일부개정법률안,2
134,-9.193681,-7.517551,2101215,  재외국민의 교육지원 등에 관한 법률 일부개정법률안,2
135,-4.1930575,-4.862188,2101204,  국립공공보건의료대학 설립·운영에 관한 법률안,2
136,-5.336818,-6.6133456,2101206,  법인세법 일부개정법률안,2
137,-5.316915,-6.5995913,2101205,  조세특례제한법 일부개정법률안,2
138,11.52559,13.444943,2101234,  조세특례제한법 일부개정법률안,0
139,-0.897812,2.1846309,2101170,  항공우주산업개발 촉진법 일부개정법률안,2
140,-12.451546,-7.8932047,2101273,  학교급식법 일부개정법률안,2
141,-2.2596729,-13.110582,2101253,  예술인 복지법 일부개정법률안,2
142,-21.129557,14.068675,2101265,  국가재정법 일부개정법률안,2
143,2.5067394,-2.7048674,2101352,  지방대학 및 지역균형인재 육성에 관한 법률 일부개정법률안,2
144,-7.1771226,8.6420145,2101332,  남녀고용평등과 일·가정 양립 지원에 관한 법률 일부개정법률안,2
145,-2.2493887,0.8466912,2101298,  남북 보건의료의 교류협력 증진에 관한 법률안,2
146,0.8767725,-18.1171,2101306,  감염병의 예방 및 관리에 관한 법률 일부개정법률안,2
147,-3.983635,-20.220455,2101310,  감염병의 예방 및 관리에 관한 법률 일부개정법률안,2
148,3.5978074,-1.7857724,2101427,  가맹사업거래의 공정화에 관한 법률 일부개정법률안,2
149,21.57824,24.096874,2101431,  부가가치세법 일부개정법률안,0
150,16.4883,4.782227,2101433,  소상공인 보호 및 지원에 관한 법률 일부개정법률안,2
151,19.150663,23.793625,2101449,  조세특례제한법 일부개정법률안,0
152,4.3445816,-2.3233619,2101446,  대리점거래의 공정화에 관한 법률 일부개정법률안,2
153,23.895948,28.30456,2101439,  부가가치세법 일부개정법률안,0
154,14.879282,7.911093,2101381,  공공기관의 운영에 관한 법률 일부개정법률안,2
155,15.153709,7.8643875,2101383,  국가를 당사자로 하는 계약에 관한 법률 일부개정법률안,2
156,13.693145,13.415194,2101385,  조세특례제한법 일부개정법률안,0
157,-10.621243,3.1371927,2101471,  지방공무원법 일부개정법률안,2
158,-10.621269,3.1374848,2101470,  국가공무원법 일부개정법률안,2
159,21.401073,8.168899,2101467,  농업기계화 촉진법 일부개정법률안,2
160,-7.471083,5.49566,2101493,  근로기준법 일부개정법률안,2
161,15.920139,15.148708,2101581,  조세특례제한법 일부개정법률안,0
162,-1.2218107,-17.924894,2101587,  감염병의 예방 및 관리에 관한 법률 일부개정법률안,2
163,-10.818287,-6.240406,2101598,  초·중등교육법 일부개정법률안,2
164,-10.874815,-22.998112,2101543,  감염병의 예방 및 관리에 관한 법률 일부개정법률안,2
165,-3.0436988,-19.229729,2101544,  감염병의 예방 및 관리에 관한 법률 일부개정법률안,2
166,-3.0917,-6.395168,2101569,  자원의 절약과 재활용촉진에 관한 법률 일부개정법률안,2
167,-8.566799,-9.141093,2101565,  초·중등교육법 일부개정법률안,2
168,-1.9587697,-13.911872,2101659,  재난 및 안전관리 기본법 일부개정법률안,2
169,-7.1112366,-9.701585,2101663,  출입국관리법 일부개정법률안,2
170,-1.8287394,-0.7713338,2101672,  직업교육훈련 촉진법 일부개정법률안,2
171,-22.271011,13.109985,2101666,  국가회계법 일부개정법률안,2
172,-21.758017,12.836608,2101665,  국가재정법 일부개정법률안,2
173,8.814817,0.38385263,2101636,  상속세 및 증여세법 일부개정법률안,0
174,21.432009,25.344326,2101629,  부가가치세법 일부개정법률안,0
175,22.403805,27.82527,2101690,  부가가치세법 일부개정법률안,0
176,-21.279848,-14.402921,2101684,  고등교육법 일부개정법률안,2
177,8.183995,-11.116136,2101678,  국민건강보험법 일부개정법률안,2
178,-4.9718866,6.6471863,2101697,  최저임금법 일부개정법률안,2
179,-2.2966177,-11.247347,2101793,  119구조·구급에 관한 법률 일부개정법률안,2
180,8.063686,6.9513535,2101789,  법인세법 일부개정법률안,2
181,-8.192212,-15.74782,2101799,  물가안정에 관한 법률 일부개정법률안,2
182,-4.3649473,-19.401154,2101801,  감염병의 예방 및 관리에 관한 법률 일부개정법률안,2
183,-16.52622,13.92958,2101778,  국유재산특례제한법 일부개정법률안,2
184,7.5274043,9.230858,2101781,  폐광지역 개발 지원에 관한 특별법 일부개정법률안,0
185,21.12673,20.27388,2101856,  조세특례제한법 일부개정법률안,0
186,21.140087,20.140429,2101857,  소득세법 일부개정법률안,0
187,-5.071372,-25.999424,2101866,  감염병의 예방 및 관리에 관한 법률 일부개정법률안,2
188,16.366436,6.0778885,2101860,  소상공인 보호 및 지원에 관한 법률 일부개정법률안,2
189,22.09491,8.482333,2101871,  민간임대주택에 관한 특별법 일부개정법률안,0
190,5.4777746,10.064352,2101817,  조세특례제한법 일부개정법률안,2
191,-6.6019235,-22.16774,2101841,  감염병의 예방 및 관리에 관한 법률 일부개정법률안,2
192,-5.3017983,-19.903984,2101838,  감염병의 예방 및 관리에 관한 법률 일부개정법률안,2
193,-8.718634,-21.659708,2101832,  의료법 일부개정법률안,2
194,0.6015209,-11.004858,2101831,  정신건강증진 및 정신질환자 복지서비스 지원에 관한 법률 일부개정법률안,2
195,4.2770777,7.5679865,2101948,  근로복지기본법 일부개정법률안,2
196,12.407649,28.697329,2101935,  조세특례제한법 일부개정법률안,0
197,1.829359,-26.635193,2101889,  조세특례제한법 일부개정법률안,2
198,6.6988244,3.5997605,2101997,  여객자동차 운수사업법 일부개정법률안,2
199,-0.12097615,0.37173197,2101994,  국가재정법 일부개정법률안,2
200,-7.8940887,-22.93927,2102000,  국민건강보험법 일부개정법률안,2
201,-0.3910097,4.5277057,2102002,  경제자유구역의 지정 및 운영에 관한 특별법 일부개정법률안,2
202,7.1472163,12.633269,2102011,  조세특례제한법 일부개정법률안,0
203,6.6180043,-3.459364,2102012,  이자제한법 일부개정법률안,2
204,19.465975,26.088383,2101958,  조세특례제한법 일부개정법률안,0
205,22.538254,26.415236,2101964,  부가가치세법 일부개정법률안,0
206,4.681718,10.961282,2101980,  경제자유구역의 지정 및 운영에 관한 특별법 일부개정법률안,2
207,6.811895,12.368712,2101978,  지방세특례제한법 일부개정법률안,2
208,-19.123571,12.617651,2101977,  대부업 등의 등록 및 금융이용자 보호에 관한 법률 일부개정법률안,2
209,5.0573726,2.6228573,2101981,  녹색건축물 조성 지원법 일부개정법률안,2
210,11.214151,13.339324,2102042,  조세특례제한법 일부개정법률안,0
211,21.531168,26.441278,2102023,  부가가치세법 일부개정법률안,0
212,9.2255745,13.552288,2102025,  조세특례제한법 일부개정법률안,0
213,10.541742,23.250866,2102109,  조세특례제한법 일부개정법률안,0
214,11.164457,6.9596033,2102093,  조세특례제한법 일부개정법률안,0
215,-3.398949,0.7231782,2102113,  학교체육 진흥법 일부개정법률안,2
216,-9.020619,-23.802263,2102089,  감염병의 예방 및 관리에 관한 법률 일부개정법률안,2
217,-11.289835,-10.397061,2102079,  초·중등교육법 일부개정법률안,2
218,-1.5933226,1.607584,2102114,  산업집적활성화 및 공장설립에 관한 법률 일부개정법률안,2
219,21.82216,14.877469,2102143,  조세특례제한법 일부개정법률안,0
220,21.775324,14.856049,2102145,  법인세법 일부개정법률안,0
221,0.12451065,-1.248048,2102150,  액화석유가스의 안전관리 및 사업법 일부개정법률안,2
222,9.807315,15.78717,2102195,  조세특례제한법 일부개정법률안,0
223,13.010822,24.745155,2102163,  조세특례제한법 일부개정법률안,0
224,3.069262,-4.3975377,2102177,  특허법 일부개정법률안,2
225,2.5526605,-10.64148,2102184,  물가안정에 관한 법률 일부개정법률안,2
226,-17.450325,-10.487827,2102262,  사립학교법 일부개정법률안,2
227,-19.325201,-12.459824,2102261,  고등교육법 일부개정법률안,2
228,-9.836715,7.4800577,2102260,  근로기준법 일부개정법률안,2
229,-15.565103,-6.368602,2102259,  지방교육자치에 관한 법률 일부개정법률안,2
230,-17.450714,-10.48783,2102262,  사립학교법 일부개정법률안,2
231,-19.66079,-12.1087055,2102261,  고등교육법 일부개정법률안,2
232,-15.56503,-6.3685617,2102259,  지방교육자치에 관한 법률 일부개정법률안,2
233,-9.833985,7.478482,2102260,  근로기준법 일부개정법률안,2
234,6.7789345,6.404364,2102239,  한국산업은행법 일부개정법률안,2
235,2.274031,9.981577,2102272,  수산물 유통의 관리 및 지원에 관한 법률 일부개정법률안,2
236,2.2740815,9.981314,2102272,  수산물 유통의 관리 및 지원에 관한 법률 일부개정법률안,2
237,5.4610786,7.4482355,2102323,  근로복지기본법 일부개정법률안,2
238,5.460957,7.4478793,2102323,  근로복지기본법 일부개정법률안,2
239,7.6919723,4.129106,2102381,  고용보험법 일부개정법률안,2
240,-10.097807,-18.182377,2102348,  조세특례제한법 일부개정법률안,2
241,-4.244284,-23.03738,2102358,  감염병의 예방 및 관리에 관한 법률 일부개정법률안,2
242,7.6920133,4.1290874,2102381,  고용보험법 일부개정법률안,2
243,0.6610629,-25.96999,2102348,  조세특례제한법 일부개정법률안,2
244,-4.244717,-23.037252,2102358,  감염병의 예방 및 관리에 관한 법률 일부개정법률안,2
245,-10.123103,-21.543695,2102402,  감염병의 예방 및 관리에 관한 법률 일부개정법률안,2
246,-28.644047,16.829275,2102421,  지방재정법 일부개정법률안,1
247,-10.123103,-21.543694,2102402,  감염병의 예방 및 관리에 관한 법률 일부개정법률안,2
248,1.2986206,-20.367678,2102410,  감염병의 예방 및 관리에 관한 법률 일부개정법률안,2
249,-30.049715,15.014577,2102415,  국가회계법 일부개정법률안,1
250,-28.85857,15.848025,2102416,  지방자치단체 기금관리기본법 일부개정법률안,1
251,-30.9263,16.177425,2102417,  국가재정법 일부개정법률안,1
252,-7.3601646,-1.8205844,2102418,  한국방송통신대학교 설립ㆍ운영에 관한 법률안,2
253,-27.898182,15.9694395,2102422,  지방회계법 일부개정법률안,1
254,-19.921072,14.147859,2102391,  의료법 일부개정법률안,2
255,1.7259125,-20.735718,2102410,  감염병의 예방 및 관리에 관한 법률 일부개정법률안,2
256,-29.94079,14.06058,2102415,  국가회계법 일부개정법률안,1
257,-29.723854,16.876192,2102416,  지방자치단체 기금관리기본법 일부개정법률안,1
258,-7.3601646,-1.8205844,2102418,  한국방송통신대학교 설립ㆍ운영에 관한 법률안,2
259,-28.006006,14.913695,2102421,  지방재정법 일부개정법률안,1
260,-29.751534,15.929664,2102422,  지방회계법 일부개정법률안,1
261,-31.097807,15.029795,2102417,  국가재정법 일부개정법률안,1
262,-18.791164,14.138423,2102390,  지역의사 양성을 위한 법률안,2
263,15.902742,-5.345979,2102441,  인천국제공항공사법 일부개정법률안,2
264,19.63748,10.330698,2102437,  지방세특례제한법 일부개정법률안,0
265,13.959981,0.752329,2102431,  공공주택 특별법 일부개정법률안,2
266,11.051733,21.844847,2102430,  조세특례제한법 일부개정법률안,0
267,17.225983,-4.5991077,2102441,  인천국제공항공사법 일부개정법률안,2
268,19.63794,10.329206,2102437,  지방세특례제한법 일부개정법률안,0
269,13.960076,0.7522995,2102431,  공공주택 특별법 일부개정법률안,2
270,11.051613,21.84505,2102430,  조세특례제한법 일부개정법률안,0
271,9.091671,26.826914,2102494,  지방세특례제한법 일부개정법률안,0
272,-20.37479,16.226807,2102496,  지방세특례제한법 일부개정법률안,2
273,-20.780859,17.028534,2102497,  조세특례제한법 일부개정법률안,2
274,18.032843,17.692125,2102498,  조세특례제한법 일부개정법률안,0
275,-3.9385371,3.5588827,2102467,  국가재정법 일부개정법률안,2
276,-17.168108,11.844258,2102470,  지방의료원의 설립 및 운영에 관한 법률 일부개정법률안,2
277,-16.698467,-1.2097374,2102471,  국유재산특례제한법 일부개정법률안,2
278,-20.896639,15.717778,2102496,  지방세특례제한법 일부개정법률안,2
279,-21.463127,16.547302,2102497,  조세특례제한법 일부개정법률안,2
280,18.032124,17.69213,2102498,  조세특례제한법 일부개정법률안,0
281,9.091671,26.826914,2102494,  지방세특례제한법 일부개정법률안,0
282,-3.9385371,3.5588827,2102467,  국가재정법 일부개정법률안,2
283,-17.167356,11.844403,2102470,  지방의료원의 설립 및 운영에 관한 법률 일부개정법률안,2
284,-16.698462,-1.209737,2102471,  국유재산특례제한법 일부개정법률안,2
285,-5.2246323,-1.5709077,2102501,  걷기여행길의 조성·관리 및 이용촉진에 관한 법률안,2
286,-5.2248354,-1.5706804,2102501,  걷기여행길의 조성·관리 및 이용촉진에 관한 법률안,2
287,23.013615,28.99872,2102603,  부가가치세법 일부개정법률안,0
288,3.8066761,4.0715737,2102549,  방송법 일부개정법률안,2
289,-0.38959053,-8.686827,2102592,  초·중등교육법 일부개정법률안,2
290,2.450004,5.5610576,2102580,  남녀고용평등과 일·가정 양립 지원에 관한 법률 일부개정법률안,2
291,-0.38959047,-8.686826,2102592,  초·중등교육법 일부개정법률안,2
292,2.4497557,5.560866,2102580,  남녀고용평등과 일·가정 양립 지원에 관한 법률 일부개정법률안,2
293,22.091549,29.113697,2102603,  부가가치세법 일부개정법률안,0
294,3.8069355,4.0717573,2102549,  방송법 일부개정법률안,2
295,-7.615801,-20.569365,2102648,  감염병의 예방 및 관리에 관한 법률 일부개정법률안,2
296,-7.6161637,-20.570269,2102648,  감염병의 예방 및 관리에 관한 법률 일부개정법률안,2
297,3.6911347,0.94957906,2102656,  상법 일부개정법률안,2
298,1.4791809,-6.025805,2102680,  아동학대범죄의 처벌 등에 관한 특례법 일부개정법률안,2
299,7.2182407,-1.0418737,2102676,  장애인고용촉진 및 직업재활법 일부개정법률안,2
300,9.727342,-15.244648,2102686,  한국교육방송공사법 일부개정법률안,2
301,-19.890766,12.165938,2102689,  대부업 등의 등록 및 금융이용자 보호에 관한 법률 일부개정법률안,2
302,-7.604854,-30.133926,2102662,  과학기술분야 정부출연연구기관 등의 설립·운영 및 육성에 관한 법률 일부개정법률안,2
303,14.394788,19.14764,2102669,  조세특례제한법 일부개정법률안,0
304,9.963938,2.3505833,2102670,  해외진출기업의 국내복귀 지원에 관한 법률 일부개정법률안,2
305,-20.58429,11.266319,2102690,  이자제한법 일부개정법률안,2
306,7.2180967,-1.0417843,2102676,  장애인고용촉진 및 직업재활법 일부개정법률안,2
307,9.7276325,-15.245347,2102686,  한국교육방송공사법 일부개정법률안,2
308,1.4792315,-6.025738,2102680,  아동학대범죄의 처벌 등에 관한 특례법 일부개정법률안,2
309,14.3946495,19.147709,2102669,  조세특례제한법 일부개정법률안,0
310,3.6912785,0.94931614,2102656,  상법 일부개정법률안,2
311,9.963928,2.350634,2102670,  해외진출기업의 국내복귀 지원에 관한 법률 일부개정법률안,2
312,-7.604879,-30.133924,2102662,  과학기술분야 정부출연연구기관 등의 설립·운영 및 육성에 관한 법률 일부개정법률안,2
313,-20.35982,12.355848,2102689,  대부업 등의 등록 및 금융이용자 보호에 관한 법률 일부개정법률안,2
314,-19.997705,11.199641,2102690,  이자제한법 일부개정법률안,2
315,-11.240385,-8.535012,2102716,  초·중등교육법 일부개정법률안,2
316,-9.4354725,10.623162,2102709,  산업재해보상보험법 일부개정법률안,2
317,10.319356,28.22905,2102698,  지방세특례제한법 일부개정법률안,0
318,11.221129,27.297182,2102699,  조세특례제한법 일부개정법률안,0
319,16.584019,-4.251027,2102702,  인천국제공항공사법 일부개정법률안,2
320,15.456244,-10.2007,2102711,  비대면중소벤처기업 육성에 관한 법률안,2
321,10.70512,28.509905,2102698,  지방세특례제한법 일부개정법률안,0
322,11.221129,27.297182,2102699,  조세특례제한법 일부개정법률안,0
323,16.552357,-5.674165,2102702,  인천국제공항공사법 일부개정법률안,2
324,-11.240328,-8.534939,2102716,  초·중등교육법 일부개정법률안,2
325,15.456394,-10.201518,2102711,  비대면중소벤처기업 육성에 관한 법률안,2
326,-9.4354725,10.623162,2102709,  산업재해보상보험법 일부개정법률안,2
327,-7.2210855,9.582569,2102813,  남녀고용평등과 일·가정 양립 지원에 관한 법률 일부개정법률안,2
328,24.253164,26.918848,2102805,  부가가치세법 일부개정법률안,0
329,9.011831,20.453764,2102778,  조세특례제한법 일부개정법률안,0
330,23.415455,26.928654,2102805,  부가가치세법 일부개정법률안,0
331,-7.2210855,9.582569,2102813,  남녀고용평등과 일·가정 양립 지원에 관한 법률 일부개정법률안,2
332,9.011831,20.453764,2102778,  조세특례제한법 일부개정법률안,0
333,6.388542,-8.514531,2102840,  방송법 일부개정법률안,2
334,6.548193,-18.575052,2102845,  감염병의 예방 및 관리에 관한 법률 일부개정법률안,2
335,6.850028,-18.977444,2102845,  감염병의 예방 및 관리에 관한 법률 일부개정법률안,2
336,6.388474,-8.514225,2102840,  방송법 일부개정법률안,2
337,1.3919892,-21.584639,2102875,  감염병의 예방 및 관리에 관한 법률 일부개정법률안,2
338,0.8209583,-21.49428,2102875,  감염병의 예방 및 관리에 관한 법률 일부개정법률안,2
339,17.270826,-5.3951197,2102946,  인천국제공항공사법 일부개정법률안,2
340,15.870781,-4.5566573,2102946,  인천국제공항공사법 일부개정법률안,2
341,23.41479,24.705183,2102981,  부가가치세법 일부개정법률안,0
342,24.027906,24.314215,2102981,  부가가치세법 일부개정법률안,0
343,7.221326,24.067144,2103034,  지방세특례제한법 일부개정법률안,0
344,7.2221193,24.067816,2103034,  지방세특례제한법 일부개정법률안,0
345,-2.2216954,12.430399,2103051,  장애인차별금지 및 권리구제 등에 관한 법률 일부개정법률안,2
346,-1.6465513,7.4735107,2103062,  유통산업발전법 일부개정법률안,2
347,-2.221744,12.430412,2103051,  장애인차별금지 및 권리구제 등에 관한 법률 일부개정법률안,2
348,-1.646552,7.473509,2103062,  유통산업발전법 일부개정법률안,2
349,-13.680333,-15.857553,2103104,  재난 및 안전관리 기본법 일부개정법률안,2
350,4.134577,15.377829,2103103,  조세특례제한법 일부개정법률안,2
351,-16.495668,-35.5215,2103122,  생활체육진흥법 일부개정법률안,2
352,-16.789337,-33.05839,2103123,  학교체육 진흥법 일부개정법률안,2
353,-15.932725,-34.1308,2103124,  씨름 진흥법 일부개정법률안,2
354,-18.195032,-34.298164,2103125,  관광기본법 일부개정법률안,2
355,-28.75291,14.114592,2103101,  지방재정법 일부개정법률안,1
356,-20.568172,-13.21331,2103100,  고등교육법 일부개정법률안,2
357,0.070348784,-2.8264096,2103098,  자원의 절약과 재활용촉진에 관한 법률 일부개정법률안,2
358,-17.87472,-35.694157,2103092,  전통무예진흥법 일부개정법률안,2
359,-17.613037,-37.03538,2103093,  태권도 진흥 및 태권도공원 조성 등에 관한 법률 일부개정법률안,2
360,-19.393358,-36.22535,2103094,  스포츠산업 진흥법 일부개정법률안,2
361,-18.995562,-33.410603,2103095,  국제회의산업 육성에 관한 법률 일부개정법률안,2
362,-14.972447,-35.27766,2103097,  체육시설의 설치·이용에 관한 법률 일부개정법률안,2
363,-1.3811893,-22.786098,2103086,  감염병의 예방 및 관리에 관한 법률 일부개정법률안,2
364,-20.773066,-12.669726,2103100,  고등교육법 일부개정법률안,2
365,-29.06621,15.018445,2103101,  지방재정법 일부개정법률안,1
366,4.134801,15.378723,2103103,  조세특례제한법 일부개정법률안,2
367,-13.680415,-15.857537,2103104,  재난 및 안전관리 기본법 일부개정법률안,2
368,-18.681093,-34.95647,2103125,  관광기본법 일부개정법률안,2
369,-16.61404,-34.345318,2103124,  씨름 진흥법 일부개정법률안,2
370,-16.564854,-36.317047,2103122,  생활체육진흥법 일부개정법률안,2
371,-17.445293,-33.13476,2103123,  학교체육 진흥법 일부개정법률안,2
372,0.07014074,-2.8263285,2103098,  자원의 절약과 재활용촉진에 관한 법률 일부개정법률안,2
373,-15.129598,-36.02348,2103097,  체육시설의 설치·이용에 관한 법률 일부개정법률안,2
374,-1.3811893,-22.786098,2103086,  감염병의 예방 및 관리에 관한 법률 일부개정법률안,2
375,-17.493338,-35.021816,2103092,  전통무예진흥법 일부개정법률안,2
376,-18.383453,-36.7271,2103093,  태권도 진흥 및 태권도공원 조성 등에 관한 법률 일부개정법률안,2
377,-19.793922,-35.47483,2103094,  스포츠산업 진흥법 일부개정법률안,2
378,-19.600798,-34.048573,2103095,  국제회의산업 육성에 관한 법률 일부개정법률안,2
379,5.182496,-12.291654,2103145,  폐기물관리법 일부개정법률안,2
380,16.335503,3.0321262,2103127,  소상공인 보호 및 지원에 관한 법률 일부개정법률안,2
381,-9.458783,-14.294905,2103136,  감염병의 예방 및 관리에 관한 법률 일부개정법률안,2
382,9.848824,11.4724865,2103135,  전기사업법 일부개정법률안,0
383,-4.2896934,-16.91595,2103154,  감염병의 예방 및 관리에 관한 법률 일부개정법률안,2
384,-4.2896934,-16.91595,2103154,  감염병의 예방 및 관리에 관한 법률 일부개정법률안,2
385,5.1827145,-12.292387,2103145,  폐기물관리법 일부개정법률안,2
386,16.335749,3.032216,2103127,  소상공인 보호 및 지원에 관한 법률 일부개정법률안,2
387,9.848134,11.473803,2103135,  전기사업법 일부개정법률안,0
388,-9.458706,-14.294284,2103136,  감염병의 예방 및 관리에 관한 법률 일부개정법률안,2
